Finger Type,Pressure,Theta6,,Configuration,Pressure,Theta6
Finger_Large,0.00,0.78,,DS20DS20_0_1,0,-3.685264538
Finger_Large,2.07,3.90,,DS20DS20_0_1,2.151898734,-3.661200311
Finger_Large,4.15,4.71,,DS20DS20_0_1,4.303797468,-3.637136083
Finger_Large,6.22,5.49,,DS20DS20_0_1,6.455696203,-3.282761687
Finger_Large,8.29,6.45,,DS20DS20_0_1,8.607594937,-2.928387291
Finger_Large,10.37,7.30,,DS20DS20_0_1,10.75949367,-1.841199875
Finger_Large,12.44,7.89,,DS20DS20_0_1,12.91139241,-0.754012458
Finger_Large,14.51,7.87,,DS20DS20_0_1,14.52531646,0.105639093
Finger_Large,16.59,7.58,,DS20DS20_0_1,16.67721519,1.251841163
Finger_Large,18.66,7.76,,DS20DS20_0_1,18.82911392,2.109917081
Finger_Large,20.73,8.50,,DS20DS20_0_1,20.84651899,2.824323831
Finger_Large,22.80,8.79,,DS20DS20_0_1,22.59493671,3.43803325
Finger_Large,24.88,8.95,,DS20DS20_0_1,25.01582278,4.283074378
Finger_Large,26.95,9.17,,DS20DS20_0_1,26.89873418,4.709856315
Finger_Large,29.02,9.68,,DS20DS20_0_1,29.05063291,5.000059439
Finger_Large,31.10,9.87,,DS20DS20_0_1,31.20253165,5.15031762
Finger_Large,33.17,10.80,,DS20DS20_0_1,33.35443038,5.160630861
Finger_Large,35.24,11.53,,DS20DS20_0_1,35.50632911,5.270638757
Finger_Large,37.32,12.20,,DS20DS20_0_1,37.65822785,5.48034131
Finger_Large,39.39,12.93,,DS20DS20_0_1,39.81012658,6.00803544
Finger_Large,41.46,12.93,,DS20DS20_0_1,41.96202532,6.853721145
Finger_Large,43.54,13.43,,DS20DS20_0_1,43.57594937,7.39831753
Finger_Large,45.61,13.85,,DS20DS20_0_1,45.7278481,7.885331655
Finger_Large,47.68,14.26,,DS20DS20_0_1,47.87974684,8.587204955
Finger_Large,49.76,14.66,,DS20DS20_0_1,50.03164557,9.933655773
Finger_Large,51.83,14.74,,DS20DS20_0_1,51.64556962,10.94349389
Finger_Large,53.90,14.76,,DS20DS20_0_1,53.79746835,11.77428269
Finger_Large,55.98,15.07,,DS20DS20_0_1,55.94936709,12.60507149
Finger_Large,58.05,15.32,,DS20DS20_0_1,58.10126582,13.03478984
Finger_Large,60.12,15.62,,DS20DS20_0_1,60.25316456,13.46450819
Finger_Large,62.20,15.79,,DS20DS20_0_1,62.40506329,13.75098708
Finger_Large,64.27,16.31,,DS20DS20_0_1,64.55696203,14.03746598
Finger_Large,66.34,16.30,,DS20DS20_0_1,66.70886076,14.20935332
Finger_Large,68.41,16.51,,DS20DS20_0_1,68.86075949,14.38124066
Finger_Large,70.49,17.06,,DS20DS20_0_1,70.47468354,14.61758575
Finger_Large,72.56,17.33,,DS20DS20_0_1,72.49208861,14.91301711
Finger_Large,74.63,17.74,,DS20DS20_0_1,74.61036392,15.4165933
Finger_Large,76.71,18.15,,DS20DS20_0_1,76.93037975,16.01417037
Finger_Large,78.78,18.52,,DS20DS20_0_1,79.08227848,16.86644509
Finger_Large,80.85,18.74,,DS20DS20_0_1,80.76344937,17.6050235
Finger_Large,82.93,19.20,,DS20DS20_0_1,82.84810127,18.42059311
Finger_Large,85.00,19.77,,DS20DS20_0_1,85,19.16543825
Finger_Large,87.07,20.25,,DS20DS20_0_1,87.15189873,19.81001577
Finger_Large,89.15,20.92,,DS20DS20_0_1,89.30379747,20.35432567
Finger_Large,91.22,20.92,,DS20DS20_0_1,91.4556962,20.81269191
Finger_Large,93.29,21.23,,DS20DS20_0_1,93.60759494,21.18511447
Finger_Large,95.37,21.51,,DS20DS20_0_1,95.75949367,21.47159337
Finger_Large,97.44,22.05,,DS20DS20_0_1,97.91139241,21.6721286
Finger_Large,99.51,22.22,,DS20DS20_0_1,99.52531646,21.84401594
Finger_Large,101.59,22.55,,DS20DS20_0_1,101.1392405,22.05887511
Finger_Large,103.66,22.83,,DS20DS20_0_1,103.2911392,22.34535401
Finger_Large,105.73,23.09,,DS20DS20_0_1,105.443038,22.68912869
Finger_Large,107.80,23.48,,DS20DS20_0_1,107.5949367,23.03290336
Finger_Large,109.88,23.97,,DS20DS20_0_1,109.7468354,23.57721327
Finger_Large,111.95,24.18,,DS20DS20_0_1,111.8987342,24.12152318
Finger_Large,114.02,24.32,,DS20DS20_0_1,114.0506329,24.75177675
Finger_Large,116.10,24.31,,DS20DS20_0_1,116.2025316,25.38203032
Finger_Large,118.17,24.62,,DS20DS20_0_1,118.3544304,26.27011491
Finger_Large,120.24,24.66,,DS20DS20_0_1,120.5063291,27.15819949
Finger_Large,122.32,24.99,,DS20DS20_0_1,122.6582278,27.73115728
Finger_Large,124.39,25.59,,DS20DS20_0_1,124.8101266,28.30411508
Finger_Large,126.46,26.04,,DS20DS20_0_1,126.9620253,28.70518554
Finger_Large,128.54,26.37,,DS20DS20_0_1,129.1139241,29.10625599
Finger_Large,130.61,26.81,,DS20DS20_0_1,131.2658228,29.62191801
Finger_Large,132.68,26.99,,DS20DS20_0_1,132.3417722,29.87974902
Finger_Large,134.76,27.40,,DS20DS20_0_1,134.4936709,30.26649553
Finger_Large,136.83,27.71,,DS20DS20_0_1,136.6455696,30.52432654
Finger_Large,138.90,28.16,,DS20DS20_0_1,138.7974684,30.81080543
Finger_Large,140.98,28.16,,DS20DS20_0_1,140.9493671,31.12593222
Finger_Large,143.05,28.42,,DS20DS20_0_1,143.3702532,31.73828086
Finger_Large,145.12,29.23,,DS20DS20_0_1,145.2531646,32.27184781
Finger_Large,147.20,29.67,,DS20DS20_0_1,148.4810127,33.03101689
Finger_Large,149.27,29.79,,DS20DS20_0_1,149.556962,33.24587606
Finger_Large,151.34,30.23,,DS20DS20_0_1,151.7088608,33.81883386
Finger_Large,153.41,30.21,,DS20DS20_0_1,153.8607595,34.5350311
Finger_Large,155.49,30.14,,DS20DS20_0_1,155.4746835,34.91461564
Finger_Large,157.56,30.16,,DS20DS20_0_1,157.0886076,35.29420018
Finger_Large,159.63,30.27,,DS20DS20_0_1,159.2405063,35.69527064
Finger_Large,161.71,30.25,,DS20DS20_0_1,161.3924051,36.15363687
Finger_Large,163.78,30.28,,DS20DS20_0_1,163.5443038,36.61200311
Finger_Large,165.85,30.28,,DS20DS20_0_1,165.6962025,36.95577779
Finger_Large,167.93,30.78,,DS20DS20_0_1,167.8481013,37.29955246
Finger_Large,170.00,30.87,,DS20DS20_0_1,170,37.29955246
Finger_Large,172.07,31.09,,DS20DS20_0_1,172.1518987,37.29955246
Finger_Large,174.15,31.83,,DS20DS20_0_1,174.3037975,37.78656659
Finger_Large,176.22,31.77,,DS20DS20_0_1,176.4556962,38.27358071
Finger_Large,178.29,32.15,,DS20DS20_0_1,178.6075949,38.67465117
Finger_Large,180.37,32.83,,DS20DS20_0_1,180.7594937,39.07572163
Finger_Large,182.44,33.33,,DS20DS20_0_1,182.9113924,39.47679208
Finger_Large,184.51,34.32,,DS20DS20_0_1,184.5253165,39.77759493
Finger_Large,186.59,34.96,,DS20DS20_0_1,186.1392405,40.19298933
Finger_Large,188.66,35.09,,DS20DS20_0_1,188.2911392,40.8232429
Finger_Large,190.73,35.09,,DS20DS20_0_1,190.443038,41.28160914
Finger_Large,192.80,35.09,,DS20DS20_0_1,192.5949367,41.56808804
Finger_Large,194.88,35.08,,DS20DS20_0_1,194.7468354,41.89753877
Finger_Large,196.95,35.70,,DS20DS20_0_1,196.8987342,42.26996134
Finger_Large,199.02,36.35,,DS20DS20_0_1,199.0506329,42.58508812
Finger_Large,201.10,37.25,,DS20DS20_0_1,201.2025316,42.84291913
Finger_Large,203.17,37.87,,DS20DS20_0_1,203.3544304,43.01480647
Finger_Large,205.24,38.31,,DS20DS20_0_1,205.5063291,43.10075014
Finger_Large,207.32,39.20,,DS20DS20_0_1,207.6582278,43.2153417
Finger_Large,209.39,40.22,,DS20DS20_0_1,209.8101266,43.35858115
Finger_Large,211.46,40.87,,DS20DS20_0_1,211.9620253,43.55911637
Finger_Large,213.54,41.70,,DS20DS20_0_1,213.0379747,43.68803188
Finger_Large,215.61,41.70,,DS20DS20_0_1,215.1898734,43.94586289
Finger_Large,217.68,42.47,,DS20DS20_0_1,217.3417722,44.28963756
Finger_Large,219.76,43.07,,DS20DS20_0_1,219.4936709,44.63341224
Finger_Large,221.83,44.18,,DS20DS20_0_1,221.6455696,45.00583481
Finger_Large,223.90,44.92,,DS20DS20_0_1,223.7974684,45.37825737
Finger_Large,225.98,46.35,,DS20DS20_0_1,225.9493671,45.69338416
Finger_Large,228.05,47.03,,DS20DS20_0_1,228.1012658,46.00851095
Finger_Large,230.12,47.79,,DS20DS20_0_1,230.2531646,46.26634196
Finger_Large,232.20,48.50,,DS20DS20_0_1,232.4050633,46.52417296
Finger_Large,234.27,49.39,,DS20DS20_0_1,234.556962,46.72470819
Finger_Large,236.34,49.96,,DS20DS20_0_1,236.7088608,46.92524342
Finger_Large,238.41,50.49,,DS20DS20_0_1,238.8607595,47.06848287
Finger_Large,240.49,50.49,,DS20DS20_0_1,241.0126582,47.21172232
Finger_Large,242.56,51.04,,DS20DS20_0_1,243.164557,47.38360966
Finger_Large,244.63,51.33,,DS20DS20_0_1,245.3164557,47.555497
Finger_Large,246.71,51.43,,DS20DS20_0_1,247.4683544,47.75603222
Finger_Large,248.78,51.75,,DS20DS20_0_1,249.6202532,47.95656745
Finger_Large,250.85,52.39,,DS20DS20_0_1,251.7721519,48.15710268
Finger_Large,252.93,52.90,,DS20DS20_0_1,253.9240506,48.35763791
Finger_Large,255.00,53.49,,DS20DS20_0_1,256.0759494,48.58682103
Finger_Large,257.07,54.03,,DS20DS20_0_1,258.2278481,48.81600415
Finger_Large,259.15,54.32,,DS20DS20_0_1,260.3797468,48.98789148
Finger_Large,261.22,54.52,,DS20DS20_0_1,262.5316456,49.15977882
Finger_Large,263.29,54.99,,DS20DS20_0_1,264.6835443,49.36031405
Finger_Large,265.37,54.99,,DS20DS20_0_1,266.835443,49.56084928
Finger_Large,267.44,55.34,,DS20DS20_0_1,268.9873418,49.73273662
Finger_Large,269.51,55.77,,DS20DS20_0_1,270.0632911,49.81868029
Finger_Large,271.59,56.04,,DS20DS20_0_1,271.1392405,49.90462396
Finger_Large,273.66,56.50,,DS20DS20_0_1,273.2911392,49.93327185
Finger_Large,275.73,56.72,,DS20DS20_0_1,275.443038,49.96191974
Finger_Large,277.80,56.85,,DS20DS20_0_1,277.5949367,50.0478634
Finger_Large,279.88,57.11,,DS20DS20_0_1,279.7468354,50.13380707
Finger_Large,281.95,57.15,,DS20DS20_0_1,281.8987342,50.13380707
Finger_Large,284.02,57.18,,DS20DS20_0_1,284.0506329,50.13380707
Finger_Large,286.10,57.12,,DS20DS20_0_1,286.2025316,50.36299019
Finger_Large,288.17,57.15,,DS20DS20_0_1,288.3544304,50.59217331
Finger_Large,290.24,57.16,,DS20DS20_0_1,290.5063291,50.70676487
Finger_Large,292.32,57.28,,DS20DS20_0_1,292.6582278,50.82135643
Finger_Large,294.39,57.41,,DS20DS20_0_1,294.8101266,50.96459588
Finger_Large,296.46,57.45,,DS20DS20_0_1,296.9620253,51.10783533
Finger_Large,298.54,57.59,,DS20DS20_0_1,298.0379747,51.15080716
Finger_Large,300.61,57.54,,DS20DS20_0_1,300.1898734,51.23675083
Finger_Large,302.68,57.50,,DS20DS20_0_1,302.3417722,51.3226945
Finger_Large,304.76,57.42,,DS20DS20_0_1,304.4936709,51.40863817
Finger_Large,306.83,57.41,,DS20DS20_0_1,306.6455696,51.45161
Finger_Large,308.90,57.40,,DS20DS20_0_1,308.7974684,51.45161
Finger_Large,310.98,57.26,,DS20DS20_0_1,310.9493671,51.46593395
Finger_Large,313.05,57.36,,DS20DS20_0_1,313.1012658,51.49458184
Finger_Large,315.12,57.35,,DS20DS20_0_1,315.2531646,51.50890578
Finger_Large,317.20,57.41,,DS20DS20_0_1,317.4050633,51.50890578
Finger_Large,319.27,57.34,,DS20DS20_0_1,319.556962,51.55187762
Finger_Large,321.34,57.33,,DS20DS20_0_1,321.7088608,51.63782129
Finger_Large,323.41,57.49,,DS20DS20_0_1,323.8607595,51.69511707
Finger_Large,325.49,57.38,,DS20DS20_0_1,324.9367089,51.70944101
Finger_Large,327.56,57.36,,DS20DS20_0_1,327.0886076,51.7380889
Finger_Large,329.63,57.56,,DS20DS20_0_1,329.2405063,51.82403257
Finger_Large,331.71,57.63,,DS20DS20_0_1,331.3924051,51.90997624
Finger_Large,333.78,57.68,,DS20DS20_0_1,333.5443038,52.0245678
Finger_Large,335.85,57.82,,DS20DS20_0_1,335.6962025,52.13915936
Finger_Large,337.93,57.81,,DS20DS20_0_1,337.8481013,52.11051147
Finger_Large,340.00,57.80,,DS20DS20_0_1,340,52.08186358
,,,,,,
Finger_Small_1,0.00,0.00,,DS30DS30_0_2,0,-3.673805382
Finger_Small_1,2.56,2.58,,DS30DS30_0_2,2.125,-3.568094669
Finger_Small_1,5.11,3.49,,DS30DS30_0_2,5.046875,-3.422742439
Finger_Small_1,7.67,4.78,,DS30DS30_0_2,7.4375,-3.303817886
Finger_Small_1,10.23,6.21,,DS30DS30_0_2,10.625,-2.313130887
Finger_Small_1,12.78,7.13,,DS30DS30_0_2,12.75,-1.375299244
Finger_Small_1,15.34,7.26,,DS30DS30_0_2,15.9375,0.031448221
Finger_Small_1,17.89,8.07,,DS30DS30_0_2,17.53125,0.698038063
Finger_Small_1,20.45,8.92,,DS30DS30_0_2,20.1875,1.796759836
Finger_Small_1,23.01,8.92,,DS30DS30_0_2,21.25,2.228891767
Finger_Small_1,25.56,9.52,,DS30DS30_0_2,25.5,3.957419491
Finger_Small_1,28.12,10.29,,DS30DS30_0_2,28.6875,3.969021886
Finger_Small_1,30.68,11.08,,DS30DS30_0_2,30.28125,3.974823084
Finger_Small_1,33.23,11.96,,DS30DS30_0_2,32.9375,3.984491747
Finger_Small_1,35.79,12.95,,DS30DS30_0_2,35.859375,4.412813509
Finger_Small_1,38.35,13.90,,DS30DS30_0_2,38.25,4.839201538
Finger_Small_1,40.90,14.18,,DS30DS30_0_2,40.375,5.264622701
Finger_Small_1,43.46,14.74,,DS30DS30_0_2,43.03125,5.953890928
Finger_Small_1,46.02,15.19,,DS30DS30_0_2,46.75,7.170853285
Finger_Small_1,48.57,15.66,,DS30DS30_0_2,48.609375,7.818707407
Finger_Small_1,51.13,16.62,,DS30DS30_0_2,51,8.651662706
Finger_Small_1,53.68,16.62,,DS30DS30_0_2,53.125,9.525423344
Finger_Small_1,56.24,17.07,,DS30DS30_0_2,55.78125,10.61762414
Finger_Small_1,58.80,17.91,,DS30DS30_0_2,58.4375,11.70982494
Finger_Small_1,61.35,18.72,,DS30DS30_0_2,61.359375,12.29531618
Finger_Small_1,63.91,19.18,,DS30DS30_0_2,63.75,12.66236727
Finger_Small_1,66.47,19.77,,DS30DS30_0_2,66.9375,13.04911378
Finger_Small_1,69.02,20.57,,DS30DS30_0_2,68.53125,13.28545887
Finger_Small_1,71.58,21.21,,DS30DS30_0_2,71.1875,13.6936913
Finger_Small_1,74.14,21.54,,DS30DS30_0_2,74.109375,14.16638148
Finger_Small_1,76.69,21.71,,DS30DS30_0_2,76.5,14.553128
Finger_Small_1,79.25,22.12,,DS30DS30_0_2,79.6875,15.73485345
Finger_Small_1,81.80,23.07,,DS30DS30_0_2,81.28125,16.32571618
Finger_Small_1,84.36,23.05,,DS30DS30_0_2,83.9375,17.31048739
Finger_Small_1,86.92,23.90,,DS30DS30_0_2,87.125,18.10546633
Finger_Small_1,89.47,23.99,,DS30DS30_0_2,89.25,18.50653678
Finger_Small_1,92.03,24.63,,DS30DS30_0_2,92.4375,19.10814247
Finger_Small_1,94.59,24.99,,DS30DS30_0_2,94.03125,19.3086777
Finger_Small_1,97.14,25.75,,DS30DS30_0_2,97.75,19.70974815
Finger_Small_1,99.70,26.20,,DS30DS30_0_2,99.609375,19.88521648
Finger_Small_1,102.26,27.08,,DS30DS30_0_2,102,20.11081861
Finger_Small_1,104.81,27.61,,DS30DS30_0_2,105.1875,20.77688205
Finger_Small_1,107.37,28.40,,DS30DS30_0_2,106.78125,21.10991376
Finger_Small_1,109.92,28.77,,DS30DS30_0_2,110.5,21.88698777
Finger_Small_1,112.48,29.18,,DS30DS30_0_2,112.359375,22.53335579
Finger_Small_1,115.04,29.18,,DS30DS30_0_2,115.28125,23.4662027
Finger_Small_1,117.59,29.60,,DS30DS30_0_2,117.9375,24.34354432
Finger_Small_1,120.15,29.84,,DS30DS30_0_2,119.53125,24.75535774
Finger_Small_1,122.71,29.98,,DS30DS30_0_2,123.25,25.63986133
Finger_Small_1,125.26,30.21,,DS30DS30_0_2,125.109375,26.05346524
Finger_Small_1,127.82,30.90,,DS30DS30_0_2,127.5,26.58524169
Finger_Small_1,130.38,31.70,,DS30DS30_0_2,130.6875,27.18684738
Finger_Small_1,132.93,32.09,,DS30DS30_0_2,133.609375,27.73831926
Finger_Small_1,135.49,32.56,,DS30DS30_0_2,135.734375,28.09641788
Finger_Small_1,138.05,32.63,,DS30DS30_0_2,138.125,28.50465031
Finger_Small_1,140.60,32.74,,DS30DS30_0_2,140.25,28.8197771
Finger_Small_1,143.16,33.44,,DS30DS30_0_2,143.4375,29.29246728
Finger_Small_1,145.71,33.45,,DS30DS30_0_2,146.359375,29.91197789
Finger_Small_1,148.27,34.02,,DS30DS30_0_2,148.75,30.45270681
Finger_Small_1,150.83,34.11,,DS30DS30_0_2,150.875,30.95404488
Finger_Small_1,153.38,34.44,,DS30DS30_0_2,153,31.45538295
Finger_Small_1,155.94,35.12,,DS30DS30_0_2,156.1875,32.31481965
Finger_Small_1,158.50,35.50,,DS30DS30_0_2,159.109375,33.10263661
Finger_Small_1,161.05,36.15,,DS30DS30_0_2,161.234375,33.48938313
Finger_Small_1,163.61,36.61,,DS30DS30_0_2,163.625,33.94774936
Finger_Small_1,166.17,36.93,,DS30DS30_0_2,165.75,34.14828459
Finger_Small_1,168.72,37.13,,DS30DS30_0_2,168.9375,34.44908743
Finger_Small_1,171.28,37.48,,DS30DS30_0_2,171.859375,34.86806282
Finger_Small_1,173.83,37.95,,DS30DS30_0_2,173.984375,35.20288503
Finger_Small_1,176.39,37.96,,DS30DS30_0_2,176.375,35.58067908
Finger_Small_1,178.95,38.17,,DS30DS30_0_2,178.5,35.92445375
Finger_Small_1,181.50,38.85,,DS30DS30_0_2,181.6875,36.54754536
Finger_Small_1,184.06,39.50,,DS30DS30_0_2,184.609375,37.11871266
Finger_Small_1,186.62,40.08,,DS30DS30_0_2,186.734375,37.4982972
Finger_Small_1,189.17,40.17,,DS30DS30_0_2,189.125,37.92980604
Finger_Small_1,191.73,40.25,,DS30DS30_0_2,191.25,38.27358071
Finger_Small_1,194.29,40.52,,DS30DS30_0_2,194.4375,38.78924273
Finger_Small_1,196.84,40.75,,DS30DS30_0_2,197.359375,39.14734135
Finger_Small_1,199.40,40.93,,DS30DS30_0_2,199.484375,39.38368644
Finger_Small_1,201.95,41.09,,DS30DS30_0_2,201.875,39.64867942
Finger_Small_1,204.51,41.40,,DS30DS30_0_2,204,39.87786254
Finger_Small_1,207.07,41.40,,DS30DS30_0_2,207.1875,40.15717947
Finger_Small_1,209.62,41.85,,DS30DS30_0_2,210.109375,40.41321998
Finger_Small_1,212.18,41.97,,DS30DS30_0_2,212.234375,40.66388902
Finger_Small_1,214.74,42.27,,DS30DS30_0_2,214.625,40.93783446
Finger_Small_1,217.29,42.59,,DS30DS30_0_2,217.484375,41.32162762
Finger_Small_1,219.85,42.91,,DS30DS30_0_2,219.9375,41.72565143
Finger_Small_1,222.41,43.21,,DS30DS30_0_2,222.859375,42.11597893
Finger_Small_1,224.96,43.53,,DS30DS30_0_2,225.25,42.42752473
Finger_Small_1,227.52,43.91,,DS30DS30_0_2,227.375,42.69967968
Finger_Small_1,230.08,44.28,,DS30DS30_0_2,229.5,42.97183463
Finger_Small_1,232.63,44.49,,DS30DS30_0_2,232.6875,43.27263748
Finger_Small_1,235.19,44.34,,DS30DS30_0_2,235.875,43.57344032
Finger_Small_1,237.74,44.33,,DS30DS30_0_2,238,43.77397555
Finger_Small_1,240.30,44.64,,DS30DS30_0_2,240.125,43.88856711
Finger_Small_1,242.86,44.82,,DS30DS30_0_2,242.25,44.00315867
Finger_Small_1,245.41,45.07,,DS30DS30_0_2,245.4375,44.175046
Finger_Small_1,247.97,45.40,,DS30DS30_0_2,248.359375,44.34693334
Finger_Small_1,250.53,45.12,,DS30DS30_0_2,250.75,44.49017279
Finger_Small_1,253.08,45.59,,DS30DS30_0_2,252.875,44.6190883
Finger_Small_1,255.64,45.35,,DS30DS30_0_2,255,44.7480038
Finger_Small_1,258.20,45.70,,DS30DS30_0_2,258.1875,45.04880664
Finger_Small_1,260.75,45.33,,DS30DS30_0_2,261.109375,45.32454258
Finger_Small_1,263.31,45.42,,DS30DS30_0_2,263.5,45.55014471
Finger_Small_1,265.86,45.75,,DS30DS30_0_2,265.625,45.70770811
Finger_Small_1,268.42,45.75,,DS30DS30_0_2,267.75,45.8652715
Finger_Small_1,270.98,45.64,,DS30DS30_0_2,270.9375,46.10161659
Finger_Small_1,273.53,45.64,,DS30DS30_0_2,273.859375,46.24664653
Finger_Small_1,276.09,45.87,,DS30DS30_0_2,276.25,46.35228563
Finger_Small_1,278.65,46.19,,DS30DS30_0_2,278.375,46.4382293
Finger_Small_1,281.20,46.41,,DS30DS30_0_2,281.5625,46.57430677
Finger_Small_1,283.76,46.60,,DS30DS30_0_2,283.6875,46.67457439
Finger_Small_1,286.32,46.41,,DS30DS30_0_2,286.609375,46.81244236
Finger_Small_1,288.87,46.63,,DS30DS30_0_2,288.8671875,46.9189767
Finger_Small_1,291.43,46.34,,DS30DS30_0_2,291.125,47.02551104
Finger_Small_1,293.98,46.85,,DS30DS30_0_2,293.25,47.12577865
Finger_Small_1,296.54,46.97,,DS30DS30_0_2,296.4375,47.27618007
Finger_Small_1,299.10,46.96,,DS30DS30_0_2,299.359375,47.37107621
Finger_Small_1,301.65,44.69,,DS30DS30_0_2,301.75,47.44090544
Finger_Small_1,304.21,44.79,,DS30DS30_0_2,304.2734375,47.50894418
Finger_Small_1,306.77,45.37,,DS30DS30_0_2,307.0625,47.56982094
Finger_Small_1,309.32,45.40,,DS30DS30_0_2,309.1875,47.59846883
Finger_Small_1,311.88,45.98,,DS30DS30_0_2,312.109375,47.6441264
Finger_Small_1,314.44,45.94,,DS30DS30_0_2,314.5,47.67008855
Finger_Small_1,316.99,45.88,,DS30DS30_0_2,316.625,47.72738433
Finger_Small_1,319.55,46.16,,DS30DS30_0_2,319.8125,47.813328
Finger_Small_1,322.11,46.02,,DS30DS30_0_2,322.734375,47.88494773
Finger_Small_1,324.66,46.26,,DS30DS30_0_2,324.859375,47.93508154
Finger_Small_1,327.22,47.12,,DS30DS30_0_2,327.25,47.98521534
Finger_Small_1,329.77,47.10,,DS30DS30_0_2,329.375,48.02818718
Finger_Small_1,332.33,46.94,,DS30DS30_0_2,332.03125,48.06041605
Finger_Small_1,334.89,46.38,,DS30DS30_0_2,335.75,48.07115901
Finger_Small_1,337.44,46.91,,DS30DS30_0_2,337.875,48.07115901
Finger_Small_1,340.00,46.85,,DS30DS30_0_2,340,48.07115901
,,,,,,
Finger_Small_2,0.00,1.045845868,,DS30DS30_0_2,0,-3.673805382
Finger_Small_2,4.15,1.628773161,,DS30DS30_0_2,4.25,-3.462383956
Finger_Small_2,8.29,2.812823363,,DS30DS30_0_2,8.5,-3.25096253
Finger_Small_2,12.44,3.756320454,,DS30DS30_0_2,12.75,-1.375299244
Finger_Small_2,16.59,4.071213471,,DS30DS30_0_2,16.734375,0.364743142
Finger_Small_2,20.73,4.14382537,,DS30DS30_0_2,20.71875,2.012825801
Finger_Small_2,24.88,4.468113652,,DS30DS30_0_2,24.4375,3.311155327
Finger_Small_2,29.02,5.244201135,,DS30DS30_0_2,29.21875,3.970955619
Finger_Small_2,33.17,5.23056909,,DS30DS30_0_2,33.46875,4.038636258
Finger_Small_2,37.32,5.92890538,,DS30DS30_0_2,37.1875,4.626490956
Finger_Small_2,41.46,7.325627181,,DS30DS30_0_2,41.4375,5.556079169
Finger_Small_2,45.61,11.34818576,,DS30DS30_0_2,45.6875,6.80065093
Finger_Small_2,49.76,14.06214264,,DS30DS30_0_2,49.9375,8.314799333
Finger_Small_2,53.90,15.45027588,,DS30DS30_0_2,54.1875,9.962303663
Finger_Small_2,58.05,16.29219182,,DS30DS30_0_2,58.4375,11.55584253
Finger_Small_2,62.19,17.42852208,,DS30DS30_0_2,62.6875,12.53345177
Finger_Small_2,66.34,18.41474386,,DS30DS30_0_2,66.9375,13.0705997
Finger_Small_2,70.49,19.65066576,,DS30DS30_0_2,71.1875,13.6936913
Finger_Small_2,74.63,20.94976479,,DS30DS30_0_2,72.25,13.86557864
Finger_Small_2,78.78,21.88712322,,DS30DS30_0_2,76.5,14.553128
Finger_Small_2,82.93,21.88156052,,DS30DS30_0_2,80.75,16.12876193
Finger_Small_2,87.07,22.31121474,,DS30DS30_0_2,85,17.70439587
Finger_Small_2,91.22,23.22664878,,DS30DS30_0_2,89.25,18.50653678
Finger_Small_2,95.36,24.22121174,,DS30DS30_0_2,93.5,19.3086777
Finger_Small_2,99.51,25.98315417,,DS30DS30_0_2,97.75,19.70974815
Finger_Small_2,103.66,29.50630686,,DS30DS30_0_2,102,20.11081861
Finger_Small_2,107.80,29.8704627,,DS30DS30_0_2,106.25,20.99890319
Finger_Small_2,111.95,31.01694277,,DS30DS30_0_2,110.5,21.88698777
Finger_Small_2,116.10,31.55065257,,DS30DS30_0_2,114.75,23.29073437
Finger_Small_2,120.24,32.01661533,,DS30DS30_0_2,119,24.69448097
Finger_Small_2,124.39,32.63128496,,DS30DS30_0_2,123.25,25.63986133
Finger_Small_2,128.54,33.70628542,,DS30DS30_0_2,127.5,26.58524169
Finger_Small_2,132.68,33.71439953,,DS30DS30_0_2,131.75,27.38738261
Finger_Small_2,136.83,34.53969127,,DS30DS30_0_2,136,28.18952352
Finger_Small_2,140.97,35.73676263,,DS30DS30_0_2,140.25,28.8197771
Finger_Small_2,145.12,37.32210561,,DS30DS30_0_2,144.5,29.45003067
Finger_Small_2,149.27,37.81074274,,DS30DS30_0_2,148.75,30.45270681
Finger_Small_2,153.41,37.81339479,,DS30DS30_0_2,153,31.45538295
Finger_Small_2,157.56,37.85670982,,DS30DS30_0_2,157.25,32.60129854
Finger_Small_2,161.71,38.17719806,,DS30DS30_0_2,161.5,33.74721413
Finger_Small_2,165.85,38.17924851,,DS30DS30_0_2,165.75,34.14828459
Finger_Small_2,170.00,38.46675849,,DS30DS30_0_2,170,34.54935505
Finger_Small_2,174.14,39.05377421,,DS30DS30_0_2,174.25,35.2369044
Finger_Small_2,178.29,38.34054249,,DS30DS30_0_2,177.96875,35.84746255
Finger_Small_2,182.44,38.32965977,,DS30DS30_0_2,181.6875,36.54754536
Finger_Small_2,186.58,38.37709882,,DS30DS30_0_2,185.9375,37.36042923
Finger_Small_2,190.73,38.30852206,,DS30DS30_0_2,190.1875,38.10169338
Finger_Small_2,194.88,37.4066675,,DS30DS30_0_2,194.4375,38.76059484
Finger_Small_2,199.02,38.67605065,,DS30DS30_0_2,198.6875,39.30490475
Finger_Small_2,203.17,37.46143155,,DS30DS30_0_2,202.9375,39.75252802
Finger_Small_2,207.32,37.17209584,,DS30DS30_0_2,207.1875,40.15717947
Finger_Small_2,211.46,37.37366899,,DS30DS30_0_2,211.4375,40.56183091
Finger_Small_2,215.61,36.97539303,,DS30DS30_0_2,215.6875,41.09539786
Finger_Small_2,219.75,38.11033697,,DS30DS30_0_2,219.9375,41.71490847
Finger_Small_2,223.90,38.37903389,,DS30DS30_0_2,224.1875,42.29144725
Finger_Small_2,228.05,38.52573848,,DS30DS30_0_2,228.4375,42.81785223
Finger_Small_2,232.19,38.69856963,,DS30DS30_0_2,232.6875,43.27263748
Finger_Small_2,236.34,38.69535755,,DS30DS30_0_2,238,43.77397555
Finger_Small_2,240.49,39.11871342,,DS30DS30_0_2,240.125,43.88856711
Finger_Small_2,244.63,39.94442469,,DS30DS30_0_2,244.375,44.11775023
Finger_Small_2,248.78,40.4095684,,DS30DS30_0_2,248.625,44.36125729
Finger_Small_2,252.92,40.7664876,,DS30DS30_0_2,252.875,44.6190883
Finger_Small_2,257.07,41.18803667,,DS30DS30_0_2,257.125,44.94853903
Finger_Small_2,261.22,41.52283024,,DS30DS30_0_2,261.375,45.34960948
Finger_Small_2,265.36,42.03045331,,DS30DS30_0_2,265.625,45.70770811
Finger_Small_2,269.51,42.70938996,,DS30DS30_0_2,269.875,46.02283489
Finger_Small_2,273.66,43.22325152,,DS30DS30_0_2,274.125,46.26634196
Finger_Small_2,277.80,43.56313008,,DS30DS30_0_2,277.3125,46.39525746
Finger_Small_2,281.95,43.88784388,,DS30DS30_0_2,281.5625,46.57430677
Finger_Small_2,286.09,43.88784388,,DS30DS30_0_2,285.8125,46.774842
Finger_Small_2,290.24,44.57634771,,DS30DS30_0_2,290.0625,46.97537723
Finger_Small_2,294.39,45.57785444,,DS30DS30_0_2,294.3125,47.17591246
Finger_Small_2,298.53,46.21887524,,DS30DS30_0_2,298.5625,47.35496177
Finger_Small_2,302.68,46.3277228,,DS30DS30_0_2,302.8125,47.46955333
Finger_Small_2,306.83,46.65374946,,DS30DS30_0_2,307.0625,47.56982094
Finger_Small_2,310.97,47.23697906,,DS30DS30_0_2,311.3125,47.62711672
Finger_Small_2,315.12,47.63729063,,DS30DS30_0_2,315.5625,47.69873644
Finger_Small_2,319.27,47.99756318,,DS30DS30_0_2,319.8125,47.813328
Finger_Small_2,323.41,47.76410617,,DS30DS30_0_2,323,47.89927167
Finger_Small_2,327.56,47.72029506,,DS30DS30_0_2,327.25,47.98521534
Finger_Small_2,331.70,47.38147275,,DS30DS30_0_2,331.5,48.07115901
Finger_Small_2,335.85,47.37290066,,DS30DS30_0_2,335.75,48.07115901
Finger_Small_2,340.00,45.95265667,,DS30DS30_0_2,340,48.07115901
